"Rank","Company","Decision Maker","German Cold Email Subject","German Cold Email","LinkedIn Message","First Call Script"
"1","Zweitag GmbH","Christian Peters / Julian Schneider","Kurzer Austausch zu Multi-Model-Zugriff und Credits fuer kamium-Workflows","Hallo Herr Peters, hallo Herr Schneider, ich habe gesehen, dass Zweitag mit kamium bereits sehr konkret an generativer KI fuer den Mittelstand arbeitet und dabei Modelle wie OpenAI, Claude und Google in DSGVO-konformen Workflows nutzbar macht. Genau dort koennte Zwima AI als ergaenzende Multi-Model- und Credits-Schicht interessant sein: zentraler API-Zugriff, planbare Credits, europaeische Rechnung und deutscher Support fuer Experimente, Prototypen und interne Entwickler-Workflows. Wuerde ein kurzer 20-Minuten-Austausch Sinn ergeben, um zu pruefen, ob Zwima AI fuer kamium-nahe Tests oder Kundenprojekte Kosten und Modellzugriff vereinfachen kann? Viele Gruesse","Hallo Herr Peters, ich habe gesehen, dass Zweitag mit kamium bereits sehr praktisch an generativer KI fuer den Mittelstand arbeitet. Zwima AI koennte als schlanke Multi-Model- und Credits-Schicht fuer Tests mit OpenAI, Claude, Gemini und weiteren Modellen spannend sein. Waere ein kurzer Austausch sinnvoll?","Guten Tag, mein Name ist [Name] von Zwima AI. Ich rufe an, weil Zweitag mit kamium und generativer KI schon sehr weit ist. Meine Frage waere: Gibt es bei Ihnen aktuell Bedarf, mehrere KI-Modelle, API-Zugaenge und interne Kostenkontrolle einfacher zu buendeln? Zwima AI bietet Multi-Model-Zugriff mit Credits, europaeischer Rechnung und deutschem Support. Wenn das relevant klingt, wuerde ich gern 20 Minuten mit Herrn Peters oder Herrn Schneider abstimmen."
"2","Aufgesang GmbH","Olaf Kopp / Ulf-Hendrik Schrader","Zwima AI fuer GEO-, LLMO- und AI-Search-Workflows","Hallo Herr Kopp, ich verfolge Ihre Arbeit rund um GEO, LLMO, AI Overviews, ChatGPT und Perplexity. Aufgesang gehoert in diesem Feld sichtbar zu den fruehen und ernsthaften Agenturen. Genau deshalb koennte Zwima AI fuer Ihr Team interessant sein: eine zentrale Multi-Model-Plattform fuer GEO-Tests, Prompt-Vergleiche, Content-Audits, KI-Sichtbarkeitsanalysen und Kundenreportings, abgerechnet ueber Credits statt ueber viele einzelne Provider-Accounts. Wuerde ein kurzer Austausch passen, um zu pruefen, ob Zwima AI Ihre AI-Search-Workflows operativ vereinfachen kann? Viele Gruesse","Hallo Herr Kopp, Ihre GEO- und AI-Search-Arbeit bei Aufgesang passt sehr gut zu Zwima AI: Multi-Model-Zugriff, Credits-Billing und deutsche Betreuung fuer ChatGPT-, Gemini-, Claude- und Perplexity-nahe Workflows. Interesse an einem kurzen Austausch?","Guten Tag, hier ist [Name] von Zwima AI. Ich melde mich, weil Aufgesang sehr sichtbar zu GEO und AI Search arbeitet. Wir helfen Teams, mehrere KI-Modelle zentral zu nutzen und Kosten ueber Credits steuerbar zu machen. Mich wuerde interessieren, ob Ihr Team aktuell mehrere Tools oder Provider fuer GEO-Tests und Kundenreportings nutzt. Falls ja, wuerde ich gern einen kurzen Termin mit Herrn Kopp oder Herrn Schrader vorschlagen."
"3","9elements GmbH","Sebastian Deutsch / Mehmet Eray Basar","Multi-Model-API fuer AI-Transformation-Sprints","Hallo Herr Deutsch, hallo Herr Basar, ich habe gesehen, dass 9elements AI Transformation, Machine Learning und digitale Produktentwicklung sehr aktiv anbietet. Fuer solche Sprints entsteht oft ein praktisches Problem: Teams testen mehrere Modelle, brauchen API-Zugriff, wollen Kosten pro Projekt kontrollieren und moechten nicht fuer jeden Provider separate Accounts verwalten. Zwima AI buendelt genau das: Multi-Model-Zugriff, Credits-Billing, API-Aggregation, europaeische Rechnung und deutscher Support. Waere ein kurzer Austausch sinnvoll, um zu pruefen, ob Zwima AI Ihre AI-Sprints und Kundenprototypen beschleunigen kann? Viele Gruesse","Hallo Herr Deutsch, 9elements arbeitet sichtbar an AI Transformation und Machine-Learning-Projekten. Zwima AI koennte als zentrale Multi-Model-API mit Credits fuer Prototypen, Coding und Kundenprojekte interessant sein. Koennen wir uns dazu kurz austauschen?","Guten Tag, mein Name ist [Name] von Zwima AI. Ich rufe an wegen Ihrer AI-Transformation-Angebote bei 9elements. Wir bieten eine zentrale Plattform fuer mehrere KI-Modelle mit API-Zugriff und Credits-Abrechnung. Die Idee waere, Prototyping, Modelltests und Projektkosten einfacher zu steuern. Waere das grundsaetzlich ein Thema fuer Herrn Deutsch oder Herrn Basar?"
"4","Kock GmbH Zerspanungstechnik","Hannes Kock","KI-Unterstuetzung fuer Vertrieb, Angebote und Produktdaten","Hallo Herr Kock, ich habe gesehen, dass Kock Zerspanungstechnik bereits an CRM- und Sales-Intelligence-Loesungen arbeitet und mit Webshop, Online-Katalogen, E-Procurement und ueber 150.000 Artikeln sehr digital aufgestellt ist. Zwima AI koennte Ihr Vertriebsteam praktisch unterstuetzen: technische Kundenanfragen zusammenfassen, Angebotsentwuerfe erstellen, Lieferanteninformationen uebersetzen, Produktbeschreibungen erzeugen und Wissen aus Katalogen schneller nutzbar machen. Das laeuft ueber eine einfache Credits-Abrechnung mit deutscher Betreuung. Waere ein kurzer Test fuer Ihren Vertrieb interessant? Viele Gruesse","Hallo Herr Kock, ich habe den Hinweis gesehen, dass KI bei Kock in Prozesse einzieht. Zwima AI koennte bei Angebotsentwuerfen, technischen Antworten, Uebersetzungen und Produkttexten fuer Ihren Webshop helfen. Waere ein kurzer Austausch sinnvoll?","Guten Tag, hier ist [Name] von Zwima AI. Ich rufe an, weil Kock bereits digital mit Webshop, E-Procurement und Sales-Intelligence arbeitet. Unsere Frage: Waere ein KI-Assistent fuer technische Anfragen, Angebote, Produkttexte und Lieferantenuebersetzungen fuer Ihr Team relevant? Zwima AI ist dafuer als Multi-Model-Plattform mit Credits gedacht. Ich wuerde gern 15 bis 20 Minuten mit Herrn Kock abstimmen."
"5","Bloofusion Germany GmbH","Markus Hoevener / Martin Roettgerding / Andreas Schuelke","KI-Modelle zentral fuer SEO-, GEO- und Content-Teams nutzen","Hallo Herr Hoevener, Bloofusion arbeitet sichtbar an SEO, GEO, AI Search und Sichtbarkeit in ChatGPT und AI Overviews. Bei solchen Workflows testen Teams oft mehrere Modelle, Prompts und Content-Varianten parallel. Zwima AI kann hier als zentrale Multi-Model-Plattform helfen: OpenAI, Claude, Gemini und weitere Modelle unter einem Credits-System, mit europaeischer Rechnung und deutschem Support. Das koennte GEO-Analysen, Content-Briefings, Reporting und interne Automatisierung vereinfachen. Waere ein kurzer Austausch fuer Ihr Team interessant? Viele Gruesse","Hallo Herr Hoevener, Ihre Arbeit rund um SEO, GEO und AI Search passt sehr gut zu Zwima AI. Wir buendeln mehrere KI-Modelle ueber Credits fuer Content, Analysen und Reporting. Waere ein kurzer Austausch fuer Bloofusion sinnvoll?","Guten Tag, mein Name ist [Name] von Zwima AI. Ich melde mich, weil Bloofusion aktiv zu GEO und AI Search arbeitet. Viele Agenturen nutzen inzwischen mehrere KI-Tools parallel, verlieren aber schnell Ueberblick bei Kosten und Accounts. Zwima AI buendelt Modelle und Abrechnung. Koennte das fuer Ihr SEO- oder Content-Team ein Thema sein?"
"6","DREIKON GmbH & Co. KG","Matthias Kampmann / Timo Wormuth","Ein KI-Arbeitsplatz fuer GEO, ChatGPT-Sichtbarkeit und Kundenreporting","Hallo Herr Kampmann, DREIKON positioniert sich klar zu GEO, LLMO, GAIO und Sichtbarkeit in ChatGPT, Gemini und Perplexity. Genau fuer solche Agenturprozesse ist Zwima AI relevant: zentrale Nutzung mehrerer KI-Modelle, Credits statt einzelner Token-Rechnungen, schnelle Prompt- und Content-Tests, sowie strukturierte Unterstuetzung fuer Reports, Briefings und Kundenkommunikation. Wuerde ein kurzer Austausch Sinn machen, um zu pruefen, ob Zwima AI Ihre GEO- und Online-Marketing-Workflows operativ erleichtert? Viele Gruesse","Hallo Herr Kampmann, ich habe gesehen, dass DREIKON GEO und AI Search aktiv anbietet. Zwima AI koennte als Multi-Model-Plattform fuer ChatGPT-, Gemini- und Perplexity-nahe Tests, Content und Reporting helfen. Kurzer Austausch?","Guten Tag, hier ist [Name] von Zwima AI. Ich rufe an, weil DREIKON sichtbar mit GEO und KI-Sichtbarkeit arbeitet. Unsere Plattform hilft Agenturen, mehrere Modelle zentral zu nutzen und Kosten ueber Credits zu steuern. Ich wollte fragen, ob Sie aktuell schon verschiedene KI-Tools fuer Content, Analyse und Reporting nutzen und ob ein gemeinsamer Zugang interessant waere."
"7","Seokratie GmbH","Julian Dziki","Credits-basierter KI-Zugang fuer SEO-, SEA- und GEO-Teams","Hallo Herr Dziki, Seokratie beschreibt GEO sehr praxisnah und Sie schreiben offen darueber, dass KI-Tools in allen Abteilungen angekommen sind. Genau dort setzt Zwima AI an: ein zentraler Zugang zu mehreren KI-Modellen fuer SEO, Content, GEO-Recherche, AI-Overviews-Tests und Reporting, abgerechnet ueber Credits statt ueber verstreute Einzelaccounts. Das kann besonders fuer Agenturteams interessant sein, die viele Kundenprojekte parallel bearbeiten. Haetten Sie Interesse an einem kurzen 20-Minuten-Austausch? Viele Gruesse","Hallo Herr Dziki, Ihre GEO-Positionierung bei Seokratie passt stark zu Zwima AI. Wir bieten Multi-Model-Zugriff mit Credits fuer SEO, Content, GEO-Recherche und Reporting. Waere ein kurzer Austausch spannend?","Guten Tag, mein Name ist [Name] von Zwima AI. Ich melde mich, weil Seokratie KI und GEO sehr aktiv in den Agenturalltag integriert. Wir helfen Teams, verschiedene Modelle zentral zu nutzen und Kosten pro Projekt besser zu steuern. Waere das fuer Ihre SEO-, SEA- oder Content-Teams ein Thema, das wir kurz besprechen sollten?"
"8","Claneo GmbH","Magdalena Mues / Martin Grahl / Matthaeus Michalik","Multi-Model-Zugriff fuer GEO- und LLMO-Beratung","Hallo Frau Mues, hallo Herr Grahl, Claneo ist mit GEO und LLMO klar im AI-Search-Markt positioniert. Fuer solche Beratungsprojekte braucht ein Team oft schnellen Zugriff auf mehrere Modelle, Vergleichstests, strukturierte Prompts und nachvollziehbare Kosten je Kunde oder Projekt. Zwima AI buendelt OpenAI, Claude, Gemini und weitere Modelle in einer Credits-Plattform mit europaeischer Rechnung und deutschem Support. Wuerde ein kurzer Austausch Sinn machen, um zu sehen, ob Zwima AI Ihre GEO- und Content-Prozesse vereinfachen kann? Viele Gruesse","Hallo Frau Mues, Claneo arbeitet sichtbar an GEO und LLMO. Zwima AI koennte Ihrem Team zentralen Multi-Model-Zugriff fuer AI-Search-Tests, Content-Briefings und Reporting geben. Interesse an einem kurzen Austausch?","Guten Tag, hier ist [Name] von Zwima AI. Ich rufe an, weil Claneo sich stark im Bereich GEO und LLMO positioniert. Unsere Plattform ist fuer Teams gedacht, die mehrere KI-Modelle fuer Kundenprojekte nutzen und die Abrechnung vereinfachen wollen. Gibt es bei Ihnen jemanden, der fuer AI-Search-Tools oder interne KI-Workflows verantwortlich ist?"
"9","SNOCKS GmbH","Johannes Kliesch / Felix Bauer","KI fuer Produktcontent, Ads und Support ueber mehrere Brands","Hallo Herr Kliesch, ich habe gelesen, dass AI bei SNOCKS ein wichtiges Zukunftsthema werden soll und dass Ihr Team mit E-Commerce, Social Content, Amazon, House-of-Brands und Support sehr contentlastig arbeitet. Zwima AI koennte hier als zentrale Plattform helfen: Produkttexte, Ad-Varianten, Social Captions, Support-Antworten, Uebersetzungen und interne Tests mit mehreren KI-Modellen, alles ueber Credits steuerbar. Waere ein kurzer Austausch sinnvoll, um zu pruefen, ob Zwima AI fuer SNOCKS oder einzelne Brand-Teams einen schnellen Nutzen liefern kann? Viele Gruesse","Hallo Herr Kliesch, ich habe gesehen, dass AI fuer SNOCKS ein strategisches Thema wird. Zwima AI koennte Produkttexte, Ads, Social Content und Support ueber mehrere Modelle und Brands zentral unterstuetzen. Kurz austauschen?","Guten Tag, mein Name ist [Name] von Zwima AI. Ich rufe an, weil SNOCKS als DTC- und House-of-Brands-Unternehmen viele Content- und Support-Prozesse hat. Wir bieten eine Plattform, mit der Teams mehrere KI-Modelle fuer Produktcontent, Ads und Kundenservice zentral nutzen koennen. Waere das fuer Herrn Kliesch oder Ihr E-Commerce-Team interessant?"
"10","Format D GmbH","Christian Schueller / Roland Stern / Benno Weinzierl","Credits-Plattform fuer LLMs, AI Agents und Content Automation","Hallo Herr Schueller, Format D bietet Data & AI, Content Automation, Large Language Models und AI Agents bereits sichtbar an. Genau fuer solche Projekte kann Zwima AI als einfache Multi-Model-Schicht nuetzlich sein: ein Zugang zu verschiedenen Modellen, API-Nutzung, Credits-Billing, europaeische Rechnung und deutscher Support. Das kann bei Kundenprototypen, Content-Automation, internen Tests und AI-Agent-Konzepten helfen. Wuerde ein kurzer Austausch fuer Ihr Data-&-AI-Team Sinn ergeben? Viele Gruesse","Hallo Herr Schueller, Format D bietet Data & AI, LLMs und AI Agents an. Zwima AI koennte als Credits-basierte Multi-Model-Schicht fuer Prototypen und Content Automation passen. Kurzer Austausch?","Guten Tag, hier ist [Name] von Zwima AI. Ich melde mich wegen Ihrer Data-&-AI-Angebote bei Format D. Wir vereinfachen den Zugriff auf mehrere KI-Modelle und die Abrechnung ueber Credits. Ich wollte fragen, ob Sie fuer LLM-, AI-Agent- oder Content-Automation-Projekte aktuell unterschiedliche Provider nutzen und ob ein zentraler Zugang interessant waere."
"11","bitExpert AG","Mathias Henss / Mathias Fecht","Multi-Model-Zugriff fuer KI-Readiness, Prototyping und Agents","Hallo Herr Henss, bitExpert bietet KI-Readiness, KI-Prototyping, KI-Skalierung und KI-Agenten bereits sehr konkret an. Bei solchen Projekten entstehen haeufig wiederkehrende Fragen: welches Modell fuer welchen Use Case, wie werden API-Kosten kontrolliert, und wie koennen Teams ohne viele Einzelaccounts testen? Zwima AI buendelt mehrere Modelle ueber eine Credits-Plattform mit API-Zugriff, europaeischer Rechnung und deutschem Support. Waere ein kurzer Austausch sinnvoll, um zu pruefen, ob Zwima AI Ihre KI-Prototyping- und Agent-Workflows ergaenzen kann? Viele Gruesse","Hallo Herr Henss, bitExpert arbeitet sichtbar an KI-Readiness, Prototyping und KI-Agenten. Zwima AI koennte als zentrale Multi-Model- und Credits-Schicht fuer Tests und Kundenprojekte passen. Interesse an einem kurzen Austausch?","Guten Tag, mein Name ist [Name] von Zwima AI. Ich rufe an, weil bitExpert KI-Prototyping und Agenten anbietet. Unsere Plattform hilft, verschiedene Modelle zentral zu testen, API-Zugriffe zu buendeln und Kosten ueber Credits abzubilden. Waere das fuer Herrn Henss oder Ihr KI-Team ein relevantes Thema?"
"12","SaphirSolution GmbH","Sebastian Denzin / Niclas Weskamp","KI-Sichtbarkeit, GEO und AI Search effizienter umsetzen","Hallo Herr Denzin, hallo Herr Weskamp, SaphirSolution bietet GEO und AI Search Optimization bereits aktiv an. Fuer solche Leistungen brauchen Teams oft schnelle Modellvergleiche, Content-Varianten, Keyword- und Entity-Recherche, Reporting-Entwuerfe und Kundenkommunikation. Zwima AI bietet dafuer einen zentralen Multi-Model-Zugang mit Credits-Billing, europaeischer Rechnung und deutschem Support. Wuerde ein kurzer Austausch passen, um zu pruefen, ob Zwima AI Ihre AI-Search- und GEO-Prozesse im Alltag entlasten kann? Viele Gruesse","Hallo Herr Weskamp, SaphirSolution arbeitet sichtbar an GEO und AI Search Optimization. Zwima AI koennte als Multi-Model-Plattform fuer Content, Recherche und Reporting helfen. Waere ein kurzer Austausch sinnvoll?","Guten Tag, hier ist [Name] von Zwima AI. Ich melde mich, weil SaphirSolution AI Search und GEO anbietet. Wir helfen Agenturen, mehrere KI-Modelle zentral zu nutzen und die Kosten ueber Credits zu steuern. Nutzt Ihr Team bereits verschiedene KI-Tools fuer Content, Recherche oder Reporting?"
"13","cosee GmbH","Konstantin Diener / Patrick Wolf","Multi-Model-Zugang fuer digitale Produkte und industrielle KI-Prototypen","Hallo Herr Diener, cosee verbindet digitale Produktentwicklung mit KI-nahen Themen wie Mensch-Maschine-Schnittstellen, Datenanalyse und Sprach- beziehungsweise Textverstehen. Zwima AI koennte fuer Ihr Team als zentrale Multi-Model-Schicht interessant sein: schneller Zugriff auf verschiedene Modelle fuer Prototypen, Dokumentation, Research, Kundenworkshops und interne Entwickler-Workflows, mit Credits-Abrechnung statt verstreuter Provider-Konten. Wuerde ein kurzer Austausch Sinn machen, um moegliche Einsatzfelder bei cosee zu pruefen? Viele Gruesse","Hallo Herr Diener, cosee arbeitet an digitalen Produkten und KI-nahen Assistenzsystemen. Zwima AI koennte als Multi-Model-Zugang fuer Prototypen, Research und Dokumentation interessant sein. Kurz austauschen?","Guten Tag, mein Name ist [Name] von Zwima AI. Ich rufe an, weil cosee digitale Produkte und KI-nahe Loesungen entwickelt. Unsere Plattform buendelt verschiedene KI-Modelle und API-Zugaenge in einem Credits-System. Waere das fuer Prototypen, Kundenworkshops oder interne Entwickler-Workflows ein Thema?"
"14","Peerigon GmbH","Johannes Ewald / Michael Jaser / Matthias Jahn / Paul Torka / Stephan Batteiger","KI-Modellzugriff fuer TypeScript-Teams, Prototypen und Dokumentation","Hallo Herr Ewald, Peerigon ist als modernes Softwareteam mit starker Web- und Open-Source-Kompetenz sichtbar. Auch wenn Sie keine explizite AI-Produktlinie bewerben, duerften Coding, technische Recherche, Dokumentation und Kundenprototypen bereits von KI-Tools beruehrt werden. Zwima AI koennte dafuer ein gemeinsamer Teamzugang zu mehreren Modellen sein: API-Zugriff, Credits-Billing, einfache Kostenkontrolle und deutsche Betreuung. Waere ein kurzer Austausch sinnvoll, um zu pruefen, ob Zwima AI fuer Ihre Entwicklerteams praktisch ist? Viele Gruesse","Hallo Herr Ewald, Peerigon ist stark in moderner Softwareentwicklung. Zwima AI koennte Ihrem Team zentralen Zugriff auf mehrere KI-Modelle fuer Coding, Docs, Research und Prototypen geben. Waere ein kurzer Austausch spannend?","Guten Tag, hier ist [Name] von Zwima AI. Ich melde mich, weil Peerigon anspruchsvolle Softwareprojekte umsetzt. Wir bieten einen zentralen Zugang zu mehreren KI-Modellen fuer Entwicklungsteams, inklusive API und Credits-Abrechnung. Ich wollte fragen, ob Ihr Team aktuell KI-Tools fuer Coding, Dokumentation oder Prototyping einsetzt und ob ein gemeinsamer Account interessant waere."
"15","WMS Vertriebs GmbH","Urban Eggensperger / Yasmin Eggensperger / Oliver Graf","KI fuer Produktdaten, Angebote und digitalen B2B-Vertrieb","Hallo Frau Eggensperger, hallo Herr Eggensperger, WMS ist mit FachWerk eShop, digitaler Beschaffung, 150.000+ Artikeln und dem Ziel, Geschaeftsprozesse digital abzubilden, sehr spannend fuer praktische KI-Anwendungen. Zwima AI koennte Ihr Team bei Produkt- und Kategorietexten, Angebotsentwuerfen, Lieferantenuebersetzungen, Kundenantworten und interner Wissenssuche unterstuetzen. Die Nutzung laeuft ueber ein einfaches Credits-Modell, ohne komplexe IT-Einfuehrung. Wuerde ein kurzer Test fuer Vertrieb oder E-Commerce Sinn ergeben? Viele Gruesse","Hallo Frau Eggensperger, ich habe gesehen, dass WMS Prozesse digital abbilden moechte und einen starken B2B-Shop betreibt. Zwima AI koennte bei Produkttexten, Angeboten und Kundenantworten helfen. Kurz austauschen?","Guten Tag, mein Name ist [Name] von Zwima AI. Ich rufe an, weil WMS mit eShop und digitaler Beschaffung schon viele Daten und Kundenanfragen verarbeitet. Unsere Plattform kann Produkttexte, Angebotstexte, Uebersetzungen und Supportantworten beschleunigen. Waere das ein Thema fuer Frau Eggensperger, Herrn Eggensperger oder Herrn Graf?"
"16","qupaya technologies GmbH","Markus Ende / Peter Mueller","Kontrollierter Multi-Model-Zugang fuer kleine Softwareteams","Hallo Herr Ende, qupaya ist als remote-first Software Engineering Team mit Angular- und NestJS-Fokus sehr spezialisiert. In Ihrem Profil steht Software & AI, und genau fuer kleine, schnelle Engineering-Teams kann Zwima AI praktisch sein: ein gemeinsamer Zugang zu mehreren KI-Modellen fuer Code Review, technische Recherche, Dokumentation, Kundenfragen und Prototypen, abgerechnet ueber Credits statt einzelne Accounts. Wuerde ein kurzer Austausch passen, um zu pruefen, ob Zwima AI fuer qupaya im Alltag nuetzlich ist? Viele Gruesse","Hallo Herr Ende, qupaya wirkt wie ein sehr fokussiertes Engineering-Team. Zwima AI koennte als gemeinsamer Multi-Model-Zugang fuer Code Review, Research, Docs und Prototypen passen. Interesse an einem kurzen Austausch?","Guten Tag, hier ist [Name] von Zwima AI. Ich rufe an, weil qupaya Software Engineering und AI-Bezug verbindet. Wir bieten eine Plattform, mit der Teams mehrere KI-Modelle zentral nutzen und ueber Credits abrechnen koennen. Koennte das fuer Ihre Angular-/NestJS-Projekte, Beratung oder interne Research-Workflows interessant sein?"
"17","WESTO Zerspanungswerkzeuge J. Wendt u. U. Stoldt GmbH","Benjamin Janson / Sebastian Janson","KI-Unterstuetzung fuer die neue Generation im technischen Vertrieb","Hallo Herr Janson, ich habe gesehen, dass bei WESTO seit 2026 Benjamin und Sebastian Janson die Geschaeftsfuehrung in zweiter Generation uebernommen haben und dass E-Commerce- und B2B-Erfahrung vorhanden ist. Gerade fuer technische Handelsunternehmen kann Zwima AI schnell helfen: Angebotsentwuerfe, technische Produktantworten, Lieferantenuebersetzungen, Follow-ups und einfache Wissenssuche. Das funktioniert als schlanke Multi-Model-Plattform mit Credits und deutschem Support. Waere ein kurzer Austausch sinnvoll, um einen kleinen Vertriebs-Test zu besprechen? Viele Gruesse","Hallo Herr Janson, Glueckwunsch zur neuen Generation bei WESTO. Zwima AI koennte im technischen Vertrieb bei Angeboten, Produktantworten, Uebersetzungen und Follow-ups helfen. Waere ein kurzer Austausch sinnvoll?","Guten Tag, mein Name ist [Name] von Zwima AI. Ich melde mich, weil WESTO im technischen Handel stark beratungs- und angebotsorientiert arbeitet. Unsere KI-Plattform kann Vertriebs- und Serviceaufgaben wie Angebotstexte, technische Antworten und Uebersetzungen beschleunigen. Waere das fuer Herrn Benjamin oder Herrn Sebastian Janson interessant?"
"18","artundweise GmbH","Dirk Beckmann","KI mit echtem Kontext fuer GEO, Content und Agentur-Workflows","Hallo Herr Beckmann, ich habe Ihre Gedanken zu ChatGPT, Claude, Gemini und dem Thema Kontext in Agentur-Workflows gesehen. Genau hier passt Zwima AI: eine zentrale Multi-Model-Plattform, mit der Teams verschiedene Modelle fuer GEO, Content, Social, Kundenkommunikation und interne Workflows nutzen koennen, ohne alles ueber einzelne Accounts und Provider zu verteilen. Fuer artundweise koennte das besonders spannend sein, weil Sie bereits mit Notion-, Slack- und Drive-Kontexten arbeiten. Haetten Sie Interesse an einem kurzen Austausch? Viele Gruesse","Hallo Herr Beckmann, Ihre Aussagen zu KI, Kontext und GEO bei artundweise passen sehr gut zu Zwima AI. Wir buendeln mehrere Modelle fuer Content, GEO und Agentur-Workflows ueber Credits. Kurz austauschen?","Guten Tag, hier ist [Name] von Zwima AI. Ich rufe an, weil artundweise sehr konkret ueber KI, Kontext und GEO spricht. Wir helfen Teams, verschiedene Modelle zentral einzusetzen und Kosten/Accounts zu buendeln. Mich wuerde interessieren, ob Sie bereits einen gemeinsamen KI-Zugang fuer Team-Workflows haben oder ob Zwima AI dort hilfreich sein koennte."
"19","mindshape GmbH","Sebastian Erlhofer","Shared AI Layer fuer GEO, SEO-Content und technische Workflows","Hallo Herr Erlhofer, mindshape spricht sichtbar ueber GEO, Brandbuilding und KI Agents. Da Sie als Digitalagentur Online Marketing, Webentwicklung und Datenmanagement verbinden, koennte Zwima AI als gemeinsamer KI-Layer interessant sein: Multi-Model-Zugriff fuer SEO-Content, GEO-Recherche, technische Dokumentation, Kundenreportings und interne Wissensarbeit, mit Credits-Abrechnung und deutschem Support. Wuerde ein kurzer Austausch Sinn ergeben, um moegliche Einsatzbereiche fuer mindshape zu pruefen? Viele Gruesse","Hallo Herr Erlhofer, mindshape arbeitet sichtbar an GEO, Brandbuilding und KI Agents. Zwima AI koennte als gemeinsamer Multi-Model-Zugang fuer SEO, Content, Reporting und Entwicklung passen. Kurzer Austausch?","Guten Tag, mein Name ist [Name] von Zwima AI. Ich melde mich, weil mindshape Marketing, Webentwicklung und KI-nahe Themen verbindet. Wir bieten zentralen Zugriff auf mehrere KI-Modelle mit Credits-Abrechnung. Waere das fuer Ihre SEO-, Content- oder Entwicklungsteams interessant?"
"20","roastmarket GmbH","Matthias Sickinger / Marius Mueller","KI fuer Produktcontent, Dokumente und E-Commerce-Prozesse","Hallo Herr Sickinger, ich habe gesehen, dass roastmarket bereits KI fuer Dokumentenautomatisierung nutzt und mit Produktdaten, Lieferantendokumenten, Kaffee-Content, App und E-Commerce-Prozessen sehr digital arbeitet. Zwima AI koennte als flexibler Multi-Model-Zugang ergaenzen: Produktbeschreibungen, Buying Guides, Supportantworten, Lieferantenkommunikation, Dokumentenzusammenfassungen und interne Tests ueber Credits steuerbar. Wuerde ein kurzer Austausch mit Ihnen oder Herrn Mueller Sinn machen, um konkrete Anwendungsfaelle zu pruefen? Viele Gruesse","Hallo Herr Mueller, roastmarket nutzt bereits KI fuer Dokumentenautomatisierung und hat viel Produkt- und Lieferantendaten. Zwima AI koennte Content, Support und interne KI-Tests ueber mehrere Modelle buendeln. Kurzer Austausch?","Guten Tag, hier ist [Name] von Zwima AI. Ich rufe an, weil roastmarket bereits KI in Dokumentenprozessen nutzt und als E-Commerce-Unternehmen viele Produkt- und Supportdaten verarbeitet. Unsere Plattform buendelt mehrere KI-Modelle fuer Content, Support und interne Automatisierung. Waere das fuer Herrn Mueller im Bereich Product, Data & AI oder fuer die Geschaeftsfuehrung relevant?"
